{"epoch": 10, "train_loss": 0.0013419167371466756, "val_loss": 0.09239315986633301, "_timestamp": 1723736782.169913, "_runtime": 4383.735169172287, "_step": 10, "loss_curves": {"_type": "image-file", "sha256": "7e5fa98e5e79f602ce316027cb6053d52456b654790714ffa11e9fb250f02df4", "size": 34631, "path": "media/images/loss_curves_10_7e5fa98e5e79f602ce31.png", "format": "png", "width": 1000, "height": 600}, "_wandb": {"runtime": 4383}}