{"epoch": 8, "train_loss": 7.737154192000162e-06, "val_loss": 0.09174061566591263, "_timestamp": 1723749718.3149054, "_runtime": 10653.416633367538, "_step": 7}